n_threads,time
1,0.464201
2,0.220009
3,0.146699
4,0.134613
5,0.108530
6,0.091122
7,0.081106
8,0.082652
