n_threads,time
1,3.809873
2,1.899695
3,1.304697
4,0.998076
5,0.937208
6,0.796311
7,0.690494
8,0.606361
